{
"meta":{"test_sets":[],"test_metrics":[],"learn_metrics":[{"best_value":"Min","name":"Logloss"}],"launch_mode":"Train","parameters":"","iteration_count":10,"learn_sets":["learn"],"name":"experiment"},
"iterations":[
{"learn":[0.286942122],"iteration":0,"passed_time":0.004973752053,"remaining_time":0.04476376848},
{"learn":[0.2100071888],"iteration":1,"passed_time":0.009682884274,"remaining_time":0.0387315371},
{"learn":[0.2007334174],"iteration":2,"passed_time":0.01403208472,"remaining_time":0.03274153102},
{"learn":[0.1969998133],"iteration":3,"passed_time":0.01826532444,"remaining_time":0.02739798667},
{"learn":[0.1892571455],"iteration":4,"passed_time":0.02281708236,"remaining_time":0.02281708236},
{"learn":[0.1870731794],"iteration":5,"passed_time":0.02747914102,"remaining_time":0.01831942734},
{"learn":[0.1858060765],"iteration":6,"passed_time":0.03358385075,"remaining_time":0.01439307889},
{"learn":[0.1841840534],"iteration":7,"passed_time":0.03789337443,"remaining_time":0.009473343607},
{"learn":[0.181984868],"iteration":8,"passed_time":0.04227470925,"remaining_time":0.004697189917},
{"learn":[0.180108888],"iteration":9,"passed_time":0.04661207931,"remaining_time":0}
]}